State,Freq1,Freq2,Freq3
Baseline,4.388001007362579,14.144905346282552,28.594035887259228
Damaged,4.256009407033178,13.968285698069947,27.941883333005556
